Tarikh Miladi,Subuh,Zohor,Asar,Maghrib,Isyak
1-Dec-23,5:52 AM,1:05 PM,4:28 PM,7:03 PM,8:17 PM
2-Dec-23,5:53 AM,1:06 PM,4:29 PM,7:03 PM,8:18 PM
3-Dec-23,5:53 AM,1:06 PM,4:29 PM,7:04 PM,8:18 PM
4-Dec-23,5:53 AM,1:07 PM,4:29 PM,7:04 PM,8:18 PM
5-Dec-23,5:54 AM,1:07 PM,4:30 PM,7:05 PM,8:19 PM
6-Dec-23,5:54 AM,1:07 PM,4:30 PM,7:05 PM,8:19 PM
7-Dec-23,5:54 AM,1:08 PM,4:31 PM,7:05 PM,8:20 PM
8-Dec-23,5:55 AM,1:08 PM,4:31 PM,7:06 PM,8:20 PM
9-Dec-23,5:55 AM,1:09 PM,4:32 PM,7:06 PM,8:21 PM
10-Dec-23,5:56 AM,1:09 PM,4:32 PM,7:07 PM,8:21 PM
11-Dec-23,5:56 AM,1:10 PM,4:33 PM,7:07 PM,8:22 PM
12-Dec-23,5:56 AM,1:10 PM,4:33 PM,7:07 PM,8:22 PM
13-Dec-23,5:57 AM,1:11 PM,4:34 PM,7:08 PM,8:23 PM
14-Dec-23,5:57 AM,1:11 PM,4:34 PM,7:08 PM,8:23 PM
15-Dec-23,5:58 AM,1:11 PM,4:34 PM,7:09 PM,8:24 PM
16-Dec-23,5:58 AM,1:12 PM,4:35 PM,7:09 PM,8:24 PM
17-Dec-23,5:59 AM,1:12 PM,4:35 PM,7:10 PM,8:25 PM
18-Dec-23,5:59 AM,1:13 PM,4:36 PM,7:10 PM,8:25 PM
19-Dec-23,6:00 AM,1:13 PM,4:36 PM,7:11 PM,8:26 PM
20-Dec-23,6:00 AM,1:14 PM,4:37 PM,7:11 PM,8:26 PM
21-Dec-23,6:01 AM,1:14 PM,4:37 PM,7:12 PM,8:27 PM
22-Dec-23,6:01 AM,1:15 PM,4:38 PM,7:12 PM,8:27 PM
23-Dec-23,6:02 AM,1:15 PM,4:38 PM,7:13 PM,8:28 PM
24-Dec-23,6:02 AM,1:16 PM,4:39 PM,7:13 PM,8:28 PM
25-Dec-23,6:03 AM,1:16 PM,4:39 PM,7:14 PM,8:29 PM
26-Dec-23,6:03 AM,1:17 PM,4:40 PM,7:14 PM,8:29 PM
27-Dec-23,6:04 AM,1:17 PM,4:40 PM,7:15 PM,8:30 PM
28-Dec-23,6:04 AM,1:18 PM,4:41 PM,7:15 PM,8:30 PM
29-Dec-23,6:05 AM,1:18 PM,4:41 PM,7:16 PM,8:31 PM
30-Dec-23,6:05 AM,1:19 PM,4:42 PM,7:16 PM,8:31 PM
31-Dec-23,6:06 AM,1:19 PM,4:42 PM,7:17 PM,8:31 PM
1-Jan-24,6:06 AM,1:20 PM,4:43 PM,7:17 PM,8:32 PM
2-Jan-24,6:07 AM,1:20 PM,4:43 PM,7:18 PM,8:32 PM
3-Jan-24,6:07 AM,1:21 PM,4:44 PM,7:18 PM,8:33 PM
4-Jan-24,6:08 AM,1:21 PM,4:44 PM,7:19 PM,8:33 PM
5-Jan-24,6:08 AM,1:22 PM,4:45 PM,7:19 PM,8:34 PM
6-Jan-24,6:09 AM,1:22 PM,4:45 PM,7:20 PM,8:34 PM
7-Jan-24,6:09 AM,1:22 PM,4:45 PM,7:20 PM,8:34 PM
8-Jan-24,6:10 AM,1:23 PM,4:46 PM,7:21 PM,8:35 PM
9-Jan-24,6:10 AM,1:23 PM,4:46 PM,7:21 PM,8:35 PM
10-Jan-24,6:10 AM,1:24 PM,4:47 PM,7:21 PM,8:36 PM
11-Jan-24,6:11 AM,1:24 PM,4:47 PM,7:22 PM,8:36 PM
12-Jan-24,6:11 AM,1:25 PM,4:47 PM,7:22 PM,8:36 PM
13-Jan-24,6:12 AM,1:25 PM,4:48 PM,7:23 PM,8:37 PM
14-Jan-24,6:12 AM,1:25 PM,4:48 PM,7:23 PM,8:37 PM
15-Jan-24,6:13 AM,1:26 PM,4:48 PM,7:24 PM,8:37 PM
16-Jan-24,6:13 AM,1:26 PM,4:49 PM,7:24 PM,8:38 PM
17-Jan-24,6:13 AM,1:26 PM,4:49 PM,7:24 PM,8:38 PM
18-Jan-24,6:14 AM,1:27 PM,4:49 PM,7:25 PM,8:38 PM
19-Jan-24,6:14 AM,1:27 PM,4:49 PM,7:25 PM,8:38 PM
20-Jan-24,6:14 AM,1:27 PM,4:50 PM,7:25 PM,8:39 PM
21-Jan-24,6:15 AM,1:28 PM,4:50 PM,7:26 PM,8:39 PM
22-Jan-24,6:15 AM,1:28 PM,4:50 PM,7:26 PM,8:39 PM
23-Jan-24,6:15 AM,1:28 PM,4:50 PM,7:26 PM,8:39 PM
24-Jan-24,6:16 AM,1:28 PM,4:51 PM,7:27 PM,8:39 PM
25-Jan-24,6:16 AM,1:29 PM,4:51 PM,7:27 PM,8:40 PM
26-Jan-24,6:16 AM,1:29 PM,4:51 PM,7:27 PM,8:40 PM
27-Jan-24,6:17 AM,1:29 PM,4:51 PM,7:28 PM,8:40 PM
28-Jan-24,6:17 AM,1:29 PM,4:51 PM,7:28 PM,8:40 PM
29-Jan-24,6:17 AM,1:30 PM,4:51 PM,7:28 PM,8:40 PM
30-Jan-24,6:17 AM,1:30 PM,4:51 PM,7:28 PM,8:40 PM
31-Jan-24,6:17 AM,1:30 PM,4:51 PM,7:28 PM,8:40 PM
1-Feb-24,6:18 AM,1:30 PM,4:51 PM,7:29 PM,8:41 PM
2-Feb-24,6:18 AM,1:30 PM,4:51 PM,7:29 PM,8:41 PM
3-Feb-24,6:18 AM,1:30 PM,4:51 PM,7:29 PM,8:41 PM
4-Feb-24,6:18 AM,1:30 PM,4:51 PM,7:29 PM,8:41 PM
5-Feb-24,6:18 AM,1:30 PM,4:51 PM,7:29 PM,8:41 PM
6-Feb-24,6:18 AM,1:31 PM,4:51 PM,7:30 PM,8:41 PM
7-Feb-24,6:18 AM,1:31 PM,4:51 PM,7:30 PM,8:41 PM
8-Feb-24,6:18 AM,1:31 PM,4:51 PM,7:30 PM,8:41 PM
9-Feb-24,6:19 AM,1:31 PM,4:51 PM,7:30 PM,8:41 PM
10-Feb-24,6:19 AM,1:31 PM,4:51 PM,7:30 PM,8:41 PM
11-Feb-24,6:19 AM,1:31 PM,4:50 PM,7:30 PM,8:41 PM
12-Feb-24,6:19 AM,1:31 PM,4:50 PM,7:30 PM,8:41 PM
13-Feb-24,6:19 AM,1:31 PM,4:50 PM,7:30 PM,8:41 PM
14-Feb-24,6:19 AM,1:31 PM,4:50 PM,7:30 PM,8:41 PM
15-Feb-24,6:19 AM,1:31 PM,4:50 PM,7:30 PM,8:41 PM
16-Feb-24,6:19 AM,1:31 PM,4:49 PM,7:30 PM,8:41 PM
17-Feb-24,6:18 AM,1:31 PM,4:49 PM,7:30 PM,8:41 PM
18-Feb-24,6:18 AM,1:31 PM,4:49 PM,7:30 PM,8:40 PM
19-Feb-24,6:18 AM,1:30 PM,4:48 PM,7:30 PM,8:40 PM
20-Feb-24,6:18 AM,1:30 PM,4:48 PM,7:30 PM,8:40 PM
21-Feb-24,6:18 AM,1:30 PM,4:47 PM,7:30 PM,8:40 PM
22-Feb-24,6:18 AM,1:30 PM,4:47 PM,7:30 PM,8:40 PM
23-Feb-24,6:18 AM,1:30 PM,4:47 PM,7:30 PM,8:40 PM
24-Feb-24,6:18 AM,1:30 PM,4:46 PM,7:30 PM,8:40 PM
25-Feb-24,6:18 AM,1:30 PM,4:46 PM,7:30 PM,8:40 PM
26-Feb-24,6:17 AM,1:30 PM,4:45 PM,7:30 PM,8:39 PM
27-Feb-24,6:17 AM,1:29 PM,4:45 PM,7:30 PM,8:39 PM
28-Feb-24,6:17 AM,1:29 PM,4:44 PM,7:30 PM,8:39 PM
29-Feb-24,6:17 AM,1:29 PM,4:44 PM,7:30 PM,8:39 PM
1-Mar-24,6:17 AM,1:29 PM,4:43 PM,7:30 PM,8:39 PM
2-Mar-24,6:16 AM,1:29 PM,4:42 PM,7:29 PM,8:39 PM
3-Mar-24,6:16 AM,1:28 PM,4:42 PM,7:29 PM,8:38 PM
4-Mar-24,6:16 AM,1:28 PM,4:41 PM,7:29 PM,8:38 PM
5-Mar-24,6:16 AM,1:28 PM,4:41 PM,7:29 PM,8:38 PM
6-Mar-24,6:15 AM,1:28 PM,4:40 PM,7:29 PM,8:38 PM
7-Mar-24,6:15 AM,1:27 PM,4:39 PM,7:29 PM,8:38 PM
8-Mar-24,6:15 AM,1:27 PM,4:39 PM,7:29 PM,8:38 PM
9-Mar-24,6:15 AM,1:27 PM,4:38 PM,7:28 PM,8:37 PM
10-Mar-24,6:14 AM,1:27 PM,4:37 PM,7:28 PM,8:37 PM
11-Mar-24,6:14 AM,1:26 PM,4:36 PM,7:28 PM,8:37 PM
12-Mar-24,6:14 AM,1:26 PM,4:36 PM,7:28 PM,8:37 PM
13-Mar-24,6:13 AM,1:26 PM,4:35 PM,7:28 PM,8:36 PM
14-Mar-24,6:13 AM,1:26 PM,4:34 PM,7:27 PM,8:36 PM
15-Mar-24,6:13 AM,1:25 PM,4:33 PM,7:27 PM,8:36 PM
16-Mar-24,6:12 AM,1:25 PM,4:32 PM,7:27 PM,8:36 PM
17-Mar-24,6:12 AM,1:25 PM,4:32 PM,7:27 PM,8:36 PM
18-Mar-24,6:12 AM,1:25 PM,4:31 PM,7:27 PM,8:35 PM
19-Mar-24,6:11 AM,1:24 PM,4:30 PM,7:26 PM,8:35 PM
20-Mar-24,6:11 AM,1:24 PM,4:29 PM,7:26 PM,8:35 PM
21-Mar-24,6:10 AM,1:24 PM,4:28 PM,7:26 PM,8:35 PM
22-Mar-24,6:10 AM,1:23 PM,4:27 PM,7:26 PM,8:35 PM
23-Mar-24,6:10 AM,1:23 PM,4:26 PM,7:26 PM,8:34 PM
24-Mar-24,6:09 AM,1:23 PM,4:25 PM,7:25 PM,8:34 PM
25-Mar-24,6:09 AM,1:22 PM,4:24 PM,7:25 PM,8:34 PM
26-Mar-24,6:08 AM,1:22 PM,4:23 PM,7:25 PM,8:34 PM
27-Mar-24,6:08 AM,1:22 PM,4:22 PM,7:25 PM,8:34 PM
28-Mar-24,6:08 AM,1:22 PM,4:21 PM,7:25 PM,8:33 PM
29-Mar-24,6:07 AM,1:21 PM,4:22 PM,7:24 PM,8:33 PM
30-Mar-24,6:07 AM,1:21 PM,4:22 PM,7:24 PM,8:33 PM
31-Mar-24,6:06 AM,1:21 PM,4:23 PM,7:24 PM,8:33 PM
1-Apr-24,6:06 AM,1:20 PM,4:23 PM,7:24 PM,8:33 PM
2-Apr-24,6:05 AM,1:20 PM,4:23 PM,7:23 PM,8:33 PM
3-Apr-24,6:05 AM,1:20 PM,4:24 PM,7:23 PM,8:32 PM
4-Apr-24,6:05 AM,1:19 PM,4:24 PM,7:23 PM,8:32 PM
5-Apr-24,6:04 AM,1:19 PM,4:25 PM,7:23 PM,8:32 PM
6-Apr-24,6:04 AM,1:19 PM,4:25 PM,7:23 PM,8:32 PM
7-Apr-24,6:03 AM,1:19 PM,4:25 PM,7:22 PM,8:32 PM
8-Apr-24,6:03 AM,1:18 PM,4:26 PM,7:22 PM,8:32 PM
9-Apr-24,6:03 AM,1:18 PM,4:26 PM,7:22 PM,8:32 PM
10-Apr-24,6:02 AM,1:18 PM,4:27 PM,7:22 PM,8:31 PM
11-Apr-24,6:02 AM,1:18 PM,4:27 PM,7:22 PM,8:31 PM
12-Apr-24,6:01 AM,1:17 PM,4:27 PM,7:21 PM,8:31 PM
13-Apr-24,6:01 AM,1:17 PM,4:27 PM,7:21 PM,8:31 PM
14-Apr-24,6:00 AM,1:17 PM,4:28 PM,7:21 PM,8:31 PM
15-Apr-24,6:00 AM,1:17 PM,4:28 PM,7:21 PM,8:31 PM
16-Apr-24,6:00 AM,1:16 PM,4:28 PM,7:21 PM,8:31 PM
17-Apr-24,5:59 AM,1:16 PM,4:29 PM,7:21 PM,8:31 PM
18-Apr-24,5:59 AM,1:16 PM,4:29 PM,7:21 PM,8:31 PM
19-Apr-24,5:58 AM,1:16 PM,4:29 PM,7:20 PM,8:31 PM
20-Apr-24,5:58 AM,1:15 PM,4:29 PM,7:20 PM,8:31 PM
21-Apr-24,5:58 AM,1:15 PM,4:30 PM,7:20 PM,8:31 PM
22-Apr-24,5:57 AM,1:15 PM,4:30 PM,7:20 PM,8:31 PM
23-Apr-24,5:57 AM,1:15 PM,4:30 PM,7:20 PM,8:31 PM
24-Apr-24,5:57 AM,1:15 PM,4:30 PM,7:20 PM,8:31 PM
25-Apr-24,5:56 AM,1:14 PM,4:31 PM,7:20 PM,8:31 PM
26-Apr-24,5:56 AM,1:14 PM,4:31 PM,7:20 PM,8:31 PM
27-Apr-24,5:56 AM,1:14 PM,4:31 PM,7:20 PM,8:31 PM
28-Apr-24,5:55 AM,1:14 PM,4:31 PM,7:20 PM,8:31 PM
29-Apr-24,5:55 AM,1:14 PM,4:32 PM,7:20 PM,8:31 PM
30-Apr-24,5:55 AM,1:14 PM,4:32 PM,7:20 PM,8:31 PM
1-May-24,5:54 AM,1:14 PM,4:32 PM,7:20 PM,8:31 PM
2-May-24,5:54 AM,1:14 PM,4:32 PM,7:20 PM,8:31 PM
3-May-24,5:54 AM,1:13 PM,4:32 PM,7:20 PM,8:31 PM
4-May-24,5:53 AM,1:13 PM,4:33 PM,7:20 PM,8:32 PM
5-May-24,5:53 AM,1:13 PM,4:33 PM,7:20 PM,8:32 PM
6-May-24,5:53 AM,1:13 PM,4:33 PM,7:20 PM,8:32 PM
7-May-24,5:53 AM,1:13 PM,4:33 PM,7:20 PM,8:32 PM
8-May-24,5:52 AM,1:13 PM,4:34 PM,7:20 PM,8:32 PM
9-May-24,5:52 AM,1:13 PM,4:34 PM,7:20 PM,8:32 PM
10-May-24,5:52 AM,1:13 PM,4:34 PM,7:20 PM,8:32 PM
11-May-24,5:52 AM,1:13 PM,4:34 PM,7:20 PM,8:33 PM
12-May-24,5:52 AM,1:13 PM,4:34 PM,7:20 PM,8:33 PM
13-May-24,5:51 AM,1:13 PM,4:35 PM,7:20 PM,8:33 PM
14-May-24,5:51 AM,1:13 PM,4:35 PM,7:20 PM,8:33 PM
15-May-24,5:51 AM,1:13 PM,4:35 PM,7:20 PM,8:33 PM
16-May-24,5:51 AM,1:13 PM,4:35 PM,7:20 PM,8:34 PM
17-May-24,5:51 AM,1:13 PM,4:36 PM,7:20 PM,8:34 PM
18-May-24,5:51 AM,1:13 PM,4:36 PM,7:20 PM,8:34 PM
19-May-24,5:51 AM,1:13 PM,4:36 PM,7:20 PM,8:34 PM
20-May-24,5:50 AM,1:13 PM,4:36 PM,7:21 PM,8:34 PM
21-May-24,5:50 AM,1:13 PM,4:37 PM,7:21 PM,8:35 PM
22-May-24,5:50 AM,1:13 PM,4:37 PM,7:21 PM,8:35 PM
23-May-24,5:50 AM,1:13 PM,4:37 PM,7:21 PM,8:35 PM
24-May-24,5:50 AM,1:13 PM,4:37 PM,7:21 PM,8:35 PM
25-May-24,5:50 AM,1:14 PM,4:37 PM,7:21 PM,8:36 PM
26-May-24,5:50 AM,1:14 PM,4:38 PM,7:21 PM,8:36 PM
27-May-24,5:50 AM,1:14 PM,4:38 PM,7:22 PM,8:36 PM
28-May-24,5:50 AM,1:14 PM,4:38 PM,7:22 PM,8:36 PM
29-May-24,5:50 AM,1:14 PM,4:38 PM,7:22 PM,8:37 PM
30-May-24,5:50 AM,1:14 PM,4:39 PM,7:22 PM,8:37 PM
31-May-24,5:50 AM,1:14 PM,4:39 PM,7:22 PM,8:37 PM
1-Jun-24,5:50 AM,1:14 PM,4:39 PM,7:23 PM,8:37 PM
2-Jun-24,5:50 AM,1:15 PM,4:39 PM,7:23 PM,8:38 PM
3-Jun-24,5:50 AM,1:15 PM,4:40 PM,7:23 PM,8:38 PM
4-Jun-24,5:50 AM,1:15 PM,4:40 PM,7:23 PM,8:38 PM
5-Jun-24,5:50 AM,1:15 PM,4:40 PM,7:23 PM,8:39 PM
6-Jun-24,5:50 AM,1:15 PM,4:40 PM,7:24 PM,8:39 PM
7-Jun-24,5:51 AM,1:15 PM,4:41 PM,7:24 PM,8:39 PM
8-Jun-24,5:51 AM,1:16 PM,4:41 PM,7:24 PM,8:39 PM
9-Jun-24,5:51 AM,1:16 PM,4:41 PM,7:24 PM,8:40 PM
10-Jun-24,5:51 AM,1:16 PM,4:42 PM,7:24 PM,8:40 PM
11-Jun-24,5:51 AM,1:16 PM,4:42 PM,7:25 PM,8:40 PM
12-Jun-24,5:51 AM,1:16 PM,4:42 PM,7:25 PM,8:40 PM
13-Jun-24,5:51 AM,1:17 PM,4:42 PM,7:25 PM,8:41 PM
14-Jun-24,5:52 AM,1:17 PM,4:42 PM,7:25 PM,8:41 PM
15-Jun-24,5:52 AM,1:17 PM,4:43 PM,7:26 PM,8:41 PM
16-Jun-24,5:52 AM,1:17 PM,4:43 PM,7:26 PM,8:42 PM
17-Jun-24,5:52 AM,1:18 PM,4:43 PM,7:26 PM,8:42 PM
18-Jun-24,5:52 AM,1:18 PM,4:43 PM,7:26 PM,8:42 PM
19-Jun-24,5:53 AM,1:18 PM,4:44 PM,7:27 PM,8:42 PM
20-Jun-24,5:53 AM,1:18 PM,4:44 PM,7:27 PM,8:42 PM
21-Jun-24,5:53 AM,1:18 PM,4:44 PM,7:27 PM,8:43 PM
22-Jun-24,5:53 AM,1:19 PM,4:44 PM,7:27 PM,8:43 PM
23-Jun-24,5:53 AM,1:19 PM,4:45 PM,7:27 PM,8:43 PM
24-Jun-24,5:54 AM,1:19 PM,4:45 PM,7:28 PM,8:43 PM
25-Jun-24,5:54 AM,1:19 PM,4:45 PM,7:28 PM,8:43 PM
26-Jun-24,5:54 AM,1:19 PM,4:45 PM,7:28 PM,8:44 PM
27-Jun-24,5:54 AM,1:20 PM,4:45 PM,7:28 PM,8:44 PM
28-Jun-24,5:55 AM,1:20 PM,4:45 PM,7:28 PM,8:44 PM
29-Jun-24,5:55 AM,1:20 PM,4:46 PM,7:29 PM,8:44 PM
30-Jun-24,5:55 AM,1:20 PM,4:46 PM,7:29 PM,8:44 PM
1-Jul-24,5:55 AM,1:20 PM,4:46 PM,7:29 PM,8:44 PM
2-Jul-24,5:56 AM,1:21 PM,4:46 PM,7:29 PM,8:44 PM
3-Jul-24,5:56 AM,1:21 PM,4:46 PM,7:29 PM,8:45 PM
4-Jul-24,5:56 AM,1:21 PM,4:46 PM,7:29 PM,8:45 PM
5-Jul-24,5:56 AM,1:21 PM,4:46 PM,7:30 PM,8:45 PM
6-Jul-24,5:57 AM,1:21 PM,4:47 PM,7:30 PM,8:45 PM
7-Jul-24,5:57 AM,1:22 PM,4:47 PM,7:30 PM,8:45 PM
8-Jul-24,5:57 AM,1:22 PM,4:47 PM,7:30 PM,8:45 PM
9-Jul-24,5:57 AM,1:22 PM,4:47 PM,7:30 PM,8:45 PM
10-Jul-24,5:58 AM,1:22 PM,4:47 PM,7:30 PM,8:45 PM
11-Jul-24,5:58 AM,1:22 PM,4:47 PM,7:30 PM,8:45 PM
12-Jul-24,5:58 AM,1:22 PM,4:47 PM,7:30 PM,8:45 PM
13-Jul-24,5:58 AM,1:22 PM,4:47 PM,7:30 PM,8:45 PM
14-Jul-24,5:59 AM,1:22 PM,4:47 PM,7:30 PM,8:45 PM
15-Jul-24,5:59 AM,1:23 PM,4:47 PM,7:30 PM,8:45 PM
16-Jul-24,5:59 AM,1:23 PM,4:47 PM,7:30 PM,8:45 PM
17-Jul-24,5:59 AM,1:23 PM,4:47 PM,7:31 PM,8:45 PM
18-Jul-24,5:59 AM,1:23 PM,4:47 PM,7:31 PM,8:45 PM
19-Jul-24,6:00 AM,1:23 PM,4:47 PM,7:31 PM,8:45 PM
20-Jul-24,6:00 AM,1:23 PM,4:46 PM,7:31 PM,8:45 PM
21-Jul-24,6:00 AM,1:23 PM,4:46 PM,7:31 PM,8:44 PM
22-Jul-24,6:00 AM,1:23 PM,4:46 PM,7:30 PM,8:44 PM
23-Jul-24,6:00 AM,1:23 PM,4:46 PM,7:30 PM,8:44 PM
24-Jul-24,6:01 AM,1:23 PM,4:46 PM,7:30 PM,8:44 PM
25-Jul-24,6:01 AM,1:23 PM,4:46 PM,7:30 PM,8:44 PM
26-Jul-24,6:01 AM,1:23 PM,4:46 PM,7:30 PM,8:44 PM
27-Jul-24,6:01 AM,1:23 PM,4:45 PM,7:30 PM,8:43 PM
28-Jul-24,6:01 AM,1:23 PM,4:45 PM,7:30 PM,8:43 PM
29-Jul-24,6:01 AM,1:23 PM,4:45 PM,7:30 PM,8:43 PM
30-Jul-24,6:02 AM,1:23 PM,4:45 PM,7:30 PM,8:43 PM
31-Jul-24,6:02 AM,1:23 PM,4:44 PM,7:30 PM,8:43 PM
1-Aug-24,6:02 AM,1:23 PM,4:44 PM,7:30 PM,8:42 PM
2-Aug-24,6:02 AM,1:23 PM,4:44 PM,7:29 PM,8:42 PM
3-Aug-24,6:02 AM,1:23 PM,4:43 PM,7:29 PM,8:42 PM
4-Aug-24,6:02 AM,1:23 PM,4:43 PM,7:29 PM,8:42 PM
5-Aug-24,6:02 AM,1:23 PM,4:43 PM,7:29 PM,8:41 PM
6-Aug-24,6:02 AM,1:22 PM,4:42 PM,7:29 PM,8:41 PM
7-Aug-24,6:02 AM,1:22 PM,4:42 PM,7:29 PM,8:41 PM
8-Aug-24,6:02 AM,1:22 PM,4:41 PM,7:28 PM,8:40 PM
9-Aug-24,6:02 AM,1:22 PM,4:41 PM,7:28 PM,8:40 PM
10-Aug-24,6:02 AM,1:22 PM,4:40 PM,7:28 PM,8:40 PM
11-Aug-24,6:02 AM,1:22 PM,4:40 PM,7:28 PM,8:39 PM
12-Aug-24,6:02 AM,1:22 PM,4:39 PM,7:27 PM,8:39 PM
13-Aug-24,6:02 AM,1:21 PM,4:39 PM,7:27 PM,8:38 PM
14-Aug-24,6:02 AM,1:21 PM,4:38 PM,7:27 PM,8:38 PM
15-Aug-24,6:02 AM,1:21 PM,4:38 PM,7:27 PM,8:38 PM
16-Aug-24,6:02 AM,1:21 PM,4:37 PM,7:26 PM,8:37 PM
17-Aug-24,6:02 AM,1:21 PM,4:37 PM,7:26 PM,8:37 PM
18-Aug-24,6:02 AM,1:20 PM,4:36 PM,7:26 PM,8:36 PM
19-Aug-24,6:02 AM,1:20 PM,4:35 PM,7:25 PM,8:36 PM
20-Aug-24,6:02 AM,1:20 PM,4:35 PM,7:25 PM,8:36 PM
21-Aug-24,6:02 AM,1:20 PM,4:34 PM,7:25 PM,8:35 PM
22-Aug-24,6:02 AM,1:19 PM,4:33 PM,7:24 PM,8:35 PM
23-Aug-24,6:02 AM,1:19 PM,4:32 PM,7:24 PM,8:34 PM
24-Aug-24,6:02 AM,1:19 PM,4:32 PM,7:24 PM,8:34 PM
25-Aug-24,6:02 AM,1:19 PM,4:31 PM,7:23 PM,8:33 PM
26-Aug-24,6:02 AM,1:18 PM,4:30 PM,7:23 PM,8:33 PM
27-Aug-24,6:01 AM,1:18 PM,4:29 PM,7:22 PM,8:32 PM
28-Aug-24,6:01 AM,1:18 PM,4:29 PM,7:22 PM,8:32 PM
29-Aug-24,6:01 AM,1:17 PM,4:28 PM,7:22 PM,8:31 PM
30-Aug-24,6:01 AM,1:17 PM,4:27 PM,7:21 PM,8:31 PM
31-Aug-24,6:01 AM,1:17 PM,4:26 PM,7:21 PM,8:31 PM
1-Sep-24,6:01 AM,1:16 PM,4:25 PM,7:20 PM,8:30 PM
2-Sep-24,6:01 AM,1:16 PM,4:24 PM,7:20 PM,8:30 PM
3-Sep-24,6:00 AM,1:16 PM,4:23 PM,7:20 PM,8:29 PM
4-Sep-24,6:00 AM,1:16 PM,4:22 PM,7:19 PM,8:29 PM
5-Sep-24,6:00 AM,1:15 PM,4:21 PM,7:19 PM,8:28 PM
6-Sep-24,6:00 AM,1:15 PM,4:20 PM,7:18 PM,8:28 PM
7-Sep-24,6:00 AM,1:15 PM,4:19 PM,7:18 PM,8:27 PM
8-Sep-24,5:59 AM,1:14 PM,4:18 PM,7:18 PM,8:27 PM
9-Sep-24,5:59 AM,1:14 PM,4:17 PM,7:17 PM,8:26 PM
10-Sep-24,5:59 AM,1:13 PM,4:16 PM,7:17 PM,8:26 PM
11-Sep-24,5:59 AM,1:13 PM,4:15 PM,7:16 PM,8:25 PM
12-Sep-24,5:58 AM,1:13 PM,4:14 PM,7:16 PM,8:25 PM
13-Sep-24,5:58 AM,1:12 PM,4:13 PM,7:15 PM,8:24 PM
14-Sep-24,5:58 AM,1:12 PM,4:12 PM,7:15 PM,8:24 PM
15-Sep-24,5:58 AM,1:12 PM,4:12 PM,7:15 PM,8:23 PM
16-Sep-24,5:58 AM,1:11 PM,4:13 PM,7:14 PM,8:23 PM
17-Sep-24,5:57 AM,1:11 PM,4:13 PM,7:14 PM,8:22 PM
18-Sep-24,5:57 AM,1:11 PM,4:13 PM,7:13 PM,8:22 PM
19-Sep-24,5:57 AM,1:10 PM,4:13 PM,7:13 PM,8:22 PM
20-Sep-24,5:56 AM,1:10 PM,4:14 PM,7:12 PM,8:21 PM
21-Sep-24,5:56 AM,1:10 PM,4:14 PM,7:12 PM,8:21 PM
22-Sep-24,5:56 AM,1:09 PM,4:14 PM,7:11 PM,8:20 PM
23-Sep-24,5:56 AM,1:09 PM,4:14 PM,7:11 PM,8:20 PM
24-Sep-24,5:55 AM,1:08 PM,4:15 PM,7:11 PM,8:19 PM
25-Sep-24,5:55 AM,1:08 PM,4:15 PM,7:10 PM,8:19 PM
26-Sep-24,5:55 AM,1:08 PM,4:15 PM,7:10 PM,8:19 PM
27-Sep-24,5:55 AM,1:07 PM,4:15 PM,7:09 PM,8:18 PM
28-Sep-24,5:54 AM,1:07 PM,4:16 PM,7:09 PM,8:18 PM
29-Sep-24,5:54 AM,1:07 PM,4:16 PM,7:08 PM,8:17 PM
30-Sep-24,5:54 AM,1:06 PM,4:16 PM,7:08 PM,8:17 PM
1-Oct-24,5:54 AM,1:06 PM,4:16 PM,7:08 PM,8:17 PM
2-Oct-24,5:53 AM,1:06 PM,4:16 PM,7:07 PM,8:16 PM
3-Oct-24,5:53 AM,1:06 PM,4:16 PM,7:07 PM,8:16 PM
4-Oct-24,5:53 AM,1:05 PM,4:17 PM,7:07 PM,8:15 PM
5-Oct-24,5:53 AM,1:05 PM,4:17 PM,7:06 PM,8:15 PM
6-Oct-24,5:52 AM,1:05 PM,4:17 PM,7:06 PM,8:15 PM
7-Oct-24,5:52 AM,1:04 PM,4:17 PM,7:05 PM,8:14 PM
8-Oct-24,5:52 AM,1:04 PM,4:17 PM,7:05 PM,8:14 PM
9-Oct-24,5:52 AM,1:04 PM,4:17 PM,7:05 PM,8:14 PM
10-Oct-24,5:51 AM,1:03 PM,4:17 PM,7:04 PM,8:14 PM
11-Oct-24,5:51 AM,1:03 PM,4:17 PM,7:04 PM,8:13 PM
12-Oct-24,5:51 AM,1:03 PM,4:17 PM,7:04 PM,8:13 PM
13-Oct-24,5:51 AM,1:03 PM,4:18 PM,7:03 PM,8:13 PM
14-Oct-24,5:50 AM,1:03 PM,4:18 PM,7:03 PM,8:12 PM
15-Oct-24,5:50 AM,1:02 PM,4:18 PM,7:03 PM,8:12 PM
16-Oct-24,5:50 AM,1:02 PM,4:18 PM,7:02 PM,8:12 PM
17-Oct-24,5:50 AM,1:02 PM,4:18 PM,7:02 PM,8:12 PM
18-Oct-24,5:50 AM,1:02 PM,4:18 PM,7:02 PM,8:12 PM
19-Oct-24,5:49 AM,1:01 PM,4:18 PM,7:02 PM,8:11 PM
20-Oct-24,5:49 AM,1:01 PM,4:18 PM,7:01 PM,8:11 PM
21-Oct-24,5:49 AM,1:01 PM,4:19 PM,7:01 PM,8:11 PM
22-Oct-24,5:49 AM,1:01 PM,4:19 PM,7:01 PM,8:11 PM
23-Oct-24,5:49 AM,1:01 PM,4:19 PM,7:01 PM,8:11 PM
24-Oct-24,5:49 AM,1:01 PM,4:19 PM,7:00 PM,8:11 PM
25-Oct-24,5:49 AM,1:01 PM,4:19 PM,7:00 PM,8:11 PM
26-Oct-24,5:48 AM,1:00 PM,4:19 PM,7:00 PM,8:11 PM
27-Oct-24,5:48 AM,1:00 PM,4:19 PM,7:00 PM,8:10 PM
28-Oct-24,5:48 AM,1:00 PM,4:19 PM,7:00 PM,8:10 PM
29-Oct-24,5:48 AM,1:00 PM,4:20 PM,7:00 PM,8:10 PM
30-Oct-24,5:48 AM,1:00 PM,4:20 PM,7:00 PM,8:10 PM
31-Oct-24,5:48 AM,1:00 PM,4:20 PM,6:59 PM,8:10 PM
1-Nov-24,5:48 AM,1:00 PM,4:20 PM,6:59 PM,8:10 PM
2-Nov-24,5:48 AM,1:00 PM,4:20 PM,6:59 PM,8:10 PM
3-Nov-24,5:48 AM,1:00 PM,4:20 PM,6:59 PM,8:10 PM
4-Nov-24,5:48 AM,1:00 PM,4:21 PM,6:59 PM,8:10 PM
5-Nov-24,5:48 AM,1:00 PM,4:21 PM,6:59 PM,8:11 PM
6-Nov-24,5:48 AM,1:00 PM,4:21 PM,6:59 PM,8:11 PM
7-Nov-24,5:48 AM,1:00 PM,4:21 PM,6:59 PM,8:11 PM
8-Nov-24,5:48 AM,1:00 PM,4:21 PM,6:59 PM,8:11 PM
9-Nov-24,5:48 AM,1:00 PM,4:22 PM,6:59 PM,8:11 PM
10-Nov-24,5:48 AM,1:00 PM,4:22 PM,6:59 PM,8:11 PM
11-Nov-24,5:48 AM,1:01 PM,4:22 PM,6:59 PM,8:11 PM
12-Nov-24,5:48 AM,1:01 PM,4:22 PM,6:59 PM,8:11 PM
13-Nov-24,5:48 AM,1:01 PM,4:23 PM,6:59 PM,8:12 PM
14-Nov-24,5:48 AM,1:01 PM,4:23 PM,6:59 PM,8:12 PM
15-Nov-24,5:49 AM,1:01 PM,4:23 PM,7:00 PM,8:12 PM
16-Nov-24,5:49 AM,1:01 PM,4:23 PM,7:00 PM,8:12 PM
17-Nov-24,5:49 AM,1:02 PM,4:24 PM,7:00 PM,8:13 PM
18-Nov-24,5:49 AM,1:02 PM,4:24 PM,7:00 PM,8:13 PM
19-Nov-24,5:49 AM,1:02 PM,4:24 PM,7:00 PM,8:13 PM
20-Nov-24,5:49 AM,1:02 PM,4:24 PM,7:00 PM,8:13 PM
21-Nov-24,5:50 AM,1:02 PM,4:25 PM,7:01 PM,8:14 PM
22-Nov-24,5:50 AM,1:03 PM,4:25 PM,7:01 PM,8:14 PM
23-Nov-24,5:50 AM,1:03 PM,4:25 PM,7:01 PM,8:14 PM
24-Nov-24,5:50 AM,1:03 PM,4:26 PM,7:01 PM,8:15 PM
25-Nov-24,5:51 AM,1:04 PM,4:26 PM,7:01 PM,8:15 PM
26-Nov-24,5:51 AM,1:04 PM,4:27 PM,7:02 PM,8:15 PM
27-Nov-24,5:51 AM,1:04 PM,4:27 PM,7:02 PM,8:16 PM
28-Nov-24,5:51 AM,1:05 PM,4:27 PM,7:02 PM,8:16 PM
29-Nov-24,5:52 AM,1:05 PM,4:28 PM,7:03 PM,8:17 PM
30-Nov-24,5:52 AM,1:05 PM,4:28 PM,7:03 PM,8:17 PM
1-Dec-24,5:52 AM,1:06 PM,4:28 PM,7:03 PM,8:17 PM
2-Dec-24,5:53 AM,1:06 PM,4:29 PM,7:04 PM,8:18 PM
3-Dec-24,5:53 AM,1:06 PM,4:29 PM,7:04 PM,8:18 PM
4-Dec-24,5:53 AM,1:07 PM,4:30 PM,7:04 PM,8:19 PM
5-Dec-24,5:54 AM,1:07 PM,4:30 PM,7:05 PM,8:19 PM
6-Dec-24,5:54 AM,1:08 PM,4:31 PM,7:05 PM,8:20 PM
7-Dec-24,5:55 AM,1:08 PM,4:31 PM,7:06 PM,8:20 PM
8-Dec-24,5:55 AM,1:09 PM,4:31 PM,7:06 PM,8:21 PM
9-Dec-24,5:55 AM,1:09 PM,4:32 PM,7:06 PM,8:21 PM
10-Dec-24,5:56 AM,1:09 PM,4:32 PM,7:07 PM,8:22 PM
11-Dec-24,5:56 AM,1:10 PM,4:33 PM,7:07 PM,8:22 PM
12-Dec-24,5:57 AM,1:10 PM,4:33 PM,7:08 PM,8:22 PM
13-Dec-24,5:57 AM,1:11 PM,4:34 PM,7:08 PM,8:23 PM
14-Dec-24,5:58 AM,1:11 PM,4:34 PM,7:09 PM,8:23 PM
15-Dec-24,5:58 AM,1:12 PM,4:35 PM,7:09 PM,8:24 PM
16-Dec-24,5:59 AM,1:12 PM,4:35 PM,7:10 PM,8:24 PM
17-Dec-24,5:59 AM,1:13 PM,4:36 PM,7:10 PM,8:25 PM
18-Dec-24,6:00 AM,1:13 PM,4:36 PM,7:11 PM,8:25 PM
19-Dec-24,6:00 AM,1:14 PM,4:37 PM,7:11 PM,8:26 PM
20-Dec-24,6:01 AM,1:14 PM,4:37 PM,7:12 PM,8:26 PM
21-Dec-24,6:01 AM,1:15 PM,4:38 PM,7:12 PM,8:27 PM
22-Dec-24,6:02 AM,1:15 PM,4:38 PM,7:13 PM,8:27 PM
23-Dec-24,6:02 AM,1:16 PM,4:39 PM,7:13 PM,8:28 PM
24-Dec-24,6:03 AM,1:16 PM,4:39 PM,7:14 PM,8:28 PM
25-Dec-24,6:03 AM,1:17 PM,4:40 PM,7:14 PM,8:29 PM
26-Dec-24,6:04 AM,1:17 PM,4:40 PM,7:15 PM,8:29 PM
27-Dec-24,6:04 AM,1:18 PM,4:41 PM,7:15 PM,8:30 PM
28-Dec-24,6:05 AM,1:18 PM,4:41 PM,7:16 PM,8:30 PM
29-Dec-24,6:05 AM,1:19 PM,4:42 PM,7:16 PM,8:31 PM
30-Dec-24,6:06 AM,1:19 PM,4:42 PM,7:17 PM,8:31 PM
31-Dec-24,6:06 AM,1:20 PM,4:43 PM,7:17 PM,8:32 PM
